{
 "Solver": "clingo version 5.4.0",
 "Input": [
  "sudoku.lp",
  "instances/ex00.lp"
 ],
 "Call": [
  {
   "Witnesses": [
    {
     "Value": [
      "sudoku(1,1,5)",
      "sudoku(1,2,3)",
      "sudoku(1,5,7)",
      "sudoku(2,1,6)",
      "sudoku(2,4,1)",
      "sudoku(2,5,9)",
      "sudoku(2,6,5)",
      "sudoku(3,2,9)",
      "sudoku(3,3,8)",
      "sudoku(3,8,6)",
      "sudoku(4,1,8)",
      "sudoku(4,5,6)",
      "sudoku(4,9,3)",
      "sudoku(5,1,4)",
      "sudoku(5,4,8)",
      "sudoku(5,6,3)",
      "sudoku(5,9,1)",
      "sudoku(6,1,7)",
      "sudoku(6,5,2)",
      "sudoku(6,9,6)",
      "sudoku(7,2,6)",
      "sudoku(7,7,2)",
      "sudoku(7,8,8)",
      "sudoku(8,4,4)",
      "sudoku(8,5,1)",
      "sudoku(8,6,9)",
      "sudoku(8,9,5)",
      "sudoku(9,5,8)",
      "sudoku(9,8,7)",
      "sudoku(9,9,9)",
      "sudoku(3,1,1)",
      "sudoku(7,1,9)",
      "sudoku(8,1,2)",
      "sudoku(9,1,3)",
      "sudoku(2,2,7)",
      "sudoku(4,2,5)",
      "sudoku(5,2,2)",
      "sudoku(6,2,1)",
      "sudoku(8,2,8)",
      "sudoku(9,2,4)",
      "sudoku(1,3,4)",
      "sudoku(2,3,2)",
      "sudoku(4,3,9)",
      "sudoku(5,3,6)",
      "sudoku(6,3,3)",
      "sudoku(7,3,1)",
      "sudoku(8,3,7)",
      "sudoku(9,3,5)",
      "sudoku(1,4,6)",
      "sudoku(3,4,3)",
      "sudoku(4,4,7)",
      "sudoku(6,4,9)",
      "sudoku(7,4,5)",
      "sudoku(9,4,2)",
      "sudoku(3,5,4)",
      "sudoku(5,5,5)",
      "sudoku(7,5,3)",
      "sudoku(1,6,8)",
      "sudoku(3,6,2)",
      "sudoku(4,6,1)",
      "sudoku(6,6,4)",
      "sudoku(7,6,7)",
      "sudoku(9,6,6)",
      "sudoku(1,7,9)",
      "sudoku(2,7,3)",
      "sudoku(3,7,5)",
      "sudoku(4,7,4)",
      "sudoku(5,7,7)",
      "sudoku(6,7,8)",
      "sudoku(8,7,6)",
      "sudoku(9,7,1)",
      "sudoku(1,8,1)",
      "sudoku(2,8,4)",
      "sudoku(4,8,2)",
      "sudoku(5,8,9)",
      "sudoku(6,8,5)",
      "sudoku(8,8,3)",
      "sudoku(1,9,2)",
      "sudoku(2,9,8)",
      "sudoku(3,9,7)",
      "sudoku(7,9,4)"
     ]
    }
   ]
  }
 ],
 "Result": "SATISFIABLE",
 "Models": {
  "Number": 1,
  "More": "no"
 },
 "Calls": 1,
 "Time": {
  "Total": 0.009,
  "Solve": 0.000,
  "Model": 0.000,
  "Unsat": 0.000,
  "CPU": 0.007
 }
}
